rda_id,tm,ta,tx,tn,rh,wd,ws,rn,sh,si,sw,st_x,st_y
340861A001,2010-09-03,23.8,23.8,23.8,58.2,135.0,4.5,0.0,0.083333333,,,126.8144527,36.74209553
