rda_id,tm,ta,tx,tn,rh,wd,ws,rn,sh,si,sw,st_x,st_y
340861A001,2010-09-06,,-50.0,,8.9,0.0,45.2,0.0,0.0,,,126.8144527,36.74209553
