rda_id,tm,ta,tx,tn,rh,wd,ws,rn,sh,si,sw,st_x,st_y
340861A001,2010-09-07,20.5,23.8,20.4,19.8,0.0,0.1,0.5,0.0,0.0,,126.8144527,36.74209553
