rda_id,tm,ta,tx,tn,rh,wd,ws,rn,sh,si,sw,st_x,st_y
340861A001,2010-09-08,21.4,23.8,19.7,80.8,67.5,0.5,1.5,0.0,35.0,,126.8144527,36.74209553
