rda_id,tm,ta,tx,tn,rh,wd,ws,rn,sh,si,sw,st_x,st_y
667822A002,2014-12-31,1.4,7.1,-4.3,70.5,270.0,2.5,3.0,,,,127.6493043,35.16258552
